kepid,kepoi_name,label,koi_period,bls_period,period_match,depth,depth_snr,duration_ratio,odd_even_sigma,secondary_sigma,shape_ratio
5812701,K00012.01,1,17.8552,17.8554,True,0.00827472,567.721,0.0140014,8.21412,-2.97669,0.950074
9941662,K00013.01,1,1.76359,1.76358,True,0.00408762,3126.09,0.0680435,2.2961,66.1394,0.901619
9631995,K00022.01,1,7.89145,7.89143,True,0.00895299,1049.54,0.0202752,2.57599,-1.07662,0.887007
4743513,K00024.01,0,2.08608,2.08604,True,0.00251718,278.477,0.0383501,5.01435,18.2997,0.777475
8866102,K00042.01,1,17.8337,17.8336,True,0.000285431,92.9464,0.00897185,3.03659,0.730129,0.932853
11554435,K00063.01,1,9.43414,9.43393,True,0.00298851,115.022,0.01272,2.42054,-2.57242,0.817176
8711794,K00105.01,1,8.98101,8.98081,True,0.000855216,88.0557,0.00890788,0.0777344,1.53949,0.853876
8030148,K00155.01,1,5.66067,5.66058,True,0.000633191,89.8959,0.0282656,0.213784,0.765429,0.958471
5084942,K00161.01,1,3.10551,3.10544,True,0.000809834,94.0363,0.0161008,1.88267,1.33222,0.943178
6851425,K00163.01,1,11.1199,11.1197,True,0.000539094,48.1272,0.0107917,0.371231,1.6568,0.906752
11666881,K00167.01,1,4.91958,4.91957,True,0.000339163,56.66,0.0325232,2.20378,0.0919404,0.918692
12019440,K00186.01,1,3.24326,3.24334,True,0.0134881,845.548,0.036999,6.33295,-0.0317823,0.848202
5357901,K00188.01,1,3.79702,3.79703,True,0.0122465,837.595,0.0210691,0.589012,-0.0577293,0.875749
10904857,K00194.01,1,3.12083,3.12086,True,0.0119176,210.533,0.025634,11.839,4.38477,0.780902
6046540,K00200.01,1,7.34071,7.34083,True,0.0069118,461.565,0.0163469,0.442199,-0.152129,0.836858
9305831,K00204.01,1,3.24673,3.24672,True,0.00576758,379.789,0.0369604,2.4412,-0.457307,0.853773
9838975,K00218.01,0,18.6929,18.693,True,0.0448451,601.838,0.00641951,0.0817904,2.10225,0.906605
5023956,K00233.01,0,1.82465,1.82463,True,0.00398598,424.756,0.0657669,13.8197,0.416514,0.778569
8107225,K00235.01,1,5.63253,5.63255,True,0.000533793,35.6422,0.0142032,0.897468,-2.8349,0.837744
8026752,K00240.01,1,4.28687,4.28673,True,0.0010731,74.5665,0.0373245,0.702119,-1.46143,0.908115
11548140,K00256.01,0,1.37865,1.37725,True,0.0152815,57.1135,0.239608,0.835882,-62.4538,0.901377
4143755,K00281.01,1,19.5566,19.5562,True,0.000201632,41.2959,0.0168744,1.26395,-0.643496,0.871354
2692377,K00299.01,1,1.54168,1.54167,True,0.000236383,48.294,0.0518918,1.22042,2.02724,0.857211
6063220,K00305.01,1,4.60358,4.60355,True,0.000368216,39.8156,0.0173779,1.24464,0.719206,0.9069
9139084,K00323.01,1,5.83599,24.122,False,0.00101984,45.7789,0.010364,18.5286,-2.55068,1.06907
11621223,K00355.01,1,4.90332,4.90326,True,0.000258134,37.8105,0.0244735,1.05102,-1.63109,0.888092
11624249,K00356.01,1,1.82708,1.82709,True,0.000931198,124.544,0.0437855,0.540806,0.0784714,0.849907
2438070,K00363.01,0,2.44295,2.44305,True,0.000572082,77.5385,0.0491189,20.1187,-1.47532,0.798537
3230578,K00381.01,0,6.33761,6.33769,True,0.0014791,92.978,0.00788931,1.03535,13.7922,0.850556
3446746,K00385.01,1,13.145,13.1444,True,0.000256612,20.0583,0.00912939,0.281173,-3.05784,0.934671
3858804,K00391.01,0,25.9525,29.0803,False,0.000383607,20.645,0.00859687,16.8935,-2.21156,1.21259
5683743,K00412.01,1,4.14702,4.14701,True,0.00298736,230.851,0.0289365,0.109718,0.946722,0.848093
9589524,K00468.01,1,22.1843,22.1844,True,0.00125212,39.6759,0.00540921,1.16686,-1.00668,0.855561
11134879,K00480.01,1,4.30166,4.30166,True,0.00060408,44.6931,0.0185975,0.0419259,-0.0884734,0.860622
12061222,K00484.01,1,17.2052,17.2049,True,0.000846376,34.5673,0.00929969,2.50887,-0.432025,0.937979
4847534,K00499.01,1,9.66857,9.66872,True,0.000354084,18.1229,0.0082741,0.291861,1.11267,1.0876
5340644,K00503.01,1,8.22241,8.22224,True,0.00102604,36.4842,0.0145946,0.921616,1.37871,0.817621
6838050,K00512.01,1,6.51003,6.51015,True,0.000444135,20.5705,0.0184328,1.67022,0.7026,0.873592
7812179,K00515.01,0,17.7942,17.7927,True,0.00105535,48.1123,0.00674432,5.2885,0.245797,0.805608
11090765,K00538.01,1,21.2171,21.2149,True,0.000498137,23.391,0.00942734,1.39237,0.246207,0.974095
11656721,K00541.01,1,13.6462,13.6457,True,0.000511283,19.0819,0.00879395,0.482146,0.730346,1.00213
11972666,K00545.01,0,1.09173,1.09179,True,0.000147963,14.8736,0.0732742,0.241256,1.90299,0.931605
5738496,K00556.01,0,9.50151,9.50295,True,0.0002676,10.2301,0.0126277,2.00243,-0.478284,0.92601
9279669,K00585.01,1,3.72216,3.72218,True,0.000624093,33.1005,0.0214928,1.15453,0.279088,0.866472
9570741,K00586.01,1,15.7798,15.779,True,0.000424442,18.7969,0.01014,2.02273,0.679357,0.850351
12459913,K00602.01,1,12.9139,12.9145,True,0.000355845,16.8522,0.0154864,1.46552,-0.192161,0.971806
3970233,K00604.01,0,8.25491,8.25538,True,0.0158745,893.622,0.0302833,7.51205,16.9063,0.866935
5014753,K00606.01,0,3.17063,3.17064,True,0.0112021,215.812,0.0252315,0.186722,17.461,0.844853
5686174,K00610.01,1,14.2823,14.2827,True,0.000788524,25.1684,0.00840175,0.972711,-1.10293,0.858099
4659405,K00630.01,0,4.5324,4.53241,True,0.000224256,20.4932,0.0176506,0.440137,4.71773,0.919175
4742414,K00631.01,1,15.4581,15.4578,True,0.0036566,537.287,0.0213485,3.47807,1.07907,0.917957
5786676,K00650.01,1,11.9547,11.9546,True,0.000723719,45.0907,0.00669198,0.74589,1.2592,0.901419
8878187,K00697.01,1,3.03215,3.03206,True,0.00042767,49.4465,0.0395771,0.928388,-0.948352,0.934574
11152159,K00761.01,0,2.70129,2.7012,True,0.000799684,25.5231,0.0296164,0.59161,2.7684,0.853295
3114167,K00795.01,1,6.7703,6.77055,True,0.00101934,23.331,0.0118159,1.06704,0.324777,0.835064
4664847,K00816.01,1,7.74809,7.74778,True,0.00204466,49.8657,0.0154883,2.50519,0.127228,0.950471
5021899,K00821.01,1,21.813,21.8104,True,0.000900457,15.3276,0.00733595,0.543045,-0.15937,1.00637
5287983,K00828.01,0,2.50709,2.50715,True,0.000948005,28.5466,0.019943,1.86226,6.26585,0.938066
5372966,K00832.01,0,9.28636,9.28633,True,0.0373801,1095.33,0.0129222,1.55002,-3.41133,0.857879
6061119,K00846.01,1,27.8076,27.8063,True,0.02132,373.444,0.00431557,3.13669,-0.730748,0.872071
6685526,K00861.01,1,2.23749,2.23766,True,0.000260512,16.9338,0.0357516,1.23743,-1.90199,0.819858
7303253,K00878.01,1,23.5892,23.5888,True,0.000979812,25.0022,0.00678287,2.71469,-1.19132,0.95505
7458762,K00887.01,1,7.41113,7.41072,True,0.000516365,20.5808,0.0107952,0.96719,-1.25333,0.972156
8655354,K00917.01,0,6.71969,6.71977,True,0.000654053,18.0535,0.0119052,1.72895,4.43788,0.921892
8883593,K00923.01,1,5.74347,5.7435,True,0.00101628,35.0492,0.0208932,1.0424,-0.190829,0.936903
9820483,K00953.01,1,3.5841,3.58415,True,0.00195213,74.2488,0.0334808,0.251518,0.171467,0.803911
4044005,K00969.01,0,17.512,17.512,True,0.00357358,245.86,0.00285518,3.29417,0.551758,0.851101
2438502,K01003.01,0,8.36062,8.36047,True,0.021953,312.752,0.0299026,1.37026,2.78726,0.915225
1725016,K01007.01,1,7.40743,24.5062,False,0.00106586,6.62342,0.0020403,0.696286,-0.749414,1.20741
8125580,K01014.01,1,17.3171,17.3172,True,0.00139394,19.094,0.00692951,4.3303,0.90605,0.931944
6362874,K01128.01,1,0.974869,0.974885,True,0.000174762,36.4891,0.0512881,0.225739,-2.55687,0.958451
8397675,K01140.01,0,0.553262,0.553263,True,0.000522088,83.2622,0.0903729,0.403501,37.4618,0.673206
3869825,K01178.01,0,4.80065,4.8006,True,0.0110167,111.037,0.0520769,0.481177,25.5636,0.914587
3544689,K01183.01,0,1.92286,1.92274,True,0.00223284,118.939,0.0416072,39.816,1.36729,0.866856
4061149,K01201.01,1,2.75758,2.75769,True,0.00035233,8.39,0.0181311,1.04426,0.58474,0.924955
3444588,K01202.01,1,0.92831,0.92825,True,0.000302276,11.4507,0.0538648,0.568433,-2.9957,0.941329
6383821,K01238.01,1,27.0724,27.0752,True,0.000315095,14.2379,0.00923355,0.0486005,-0.428759,0.965816
8488878,K01248.01,0,5.80188,5.80083,True,0.0505304,688.438,0.0206867,1.42659,-1.72521,0.834387
10960993,K01284.01,0,3.11709,1.55854,True,0.00748117,822.006,0.05133,195.842,-3.17031,0.831526
4076098,K01323.01,1,3.99011,3.98996,True,0.00547873,86.4127,0.0200503,2.83006,-1.03404,0.927535
7199774,K01346.01,0,4.70819,27.3221,False,6.22859,35258,0.00183002,33757.9,-2.40986,0.82797
6956233,K01352.01,0,4.81886,4.81695,True,0.000627674,15.7753,0.0415201,1.14002,2.64739,0.89727
7025526,K01380.01,0,1.07411,1.07402,True,5.86351e-05,31.6635,0.0744865,2.63331,-1.57615,0.77022
8958035,K01391.01,0,7.98119,7.98121,True,0.00589145,232.794,0.00626472,3.80715,0.585835,0.828691
8935810,K01395.01,1,6.23034,6.2302,True,0.00139282,16.6019,0.00802543,1.55443,0.3658,0.85765
11254382,K01425.01,1,2.05388,2.05397,True,0.0004254,23.1204,0.0389489,0.212467,0.0147403,0.89367
11032227,K01440.01,1,7.19305,7.19256,True,0.000176292,6.93265,0.0166839,1.09611,-1.75647,1.0531
7802136,K01449.01,0,10.9802,10.9803,True,0.0376015,1352.11,0.0109287,1.24733,0.822272,0.80398
12108312,K01492.01,0,0.705448,0.705429,True,0.000262395,40.5521,0.113406,1.10679,25.6178,0.777285
9641018,K01504.01,0,2.17815,1.08913,True,0.000204741,35.7394,0.0734531,13.046,-3.41053,0.859899
12020218,K01507.01,1,21.3588,21.3599,True,0.00048037,13.0682,0.00936332,1.485,-0.901035,0.979266
7808587,K01533.01,1,6.24146,6.24141,True,0.000129175,12.975,0.0192264,0.992027,0.710008,0.888058
10022908,K01586.01,1,6.9913,6.99124,True,0.00044314,17.5159,0.0114429,0.846435,2.41501,0.862706
11043136,K01644.01,0,2.62171,5.24377,True,0.00601042,44.2743,0.00953513,0.605536,12.7949,0.860482
11337141,K01649.01,1,4.04355,4.04319,True,0.000308344,9.36543,0.0123665,1.30787,-1.70005,0.955313
11546211,K01654.01,0,1.09721,1.09721,True,0.0246341,111.969,0.0455701,8.04364,7.86857,0.780609
7304449,K01702.01,1,1.53818,1.53823,True,0.000624029,22.2211,0.0325049,0.0190742,0.780308,0.819981
7386827,K01704.01,1,10.4189,10.4183,True,0.000455612,18.9449,0.0115182,1.42187,0.328507,0.869951
7522911,K01705.01,1,20.4999,20.5027,True,0.000329893,8.27767,0.0097548,0.9426,1.96506,1.00299
10080248,K01722.01,1,14.8784,14.8784,True,0.000212671,7.81025,0.0168029,0.369749,-0.700702,1.05437
6603756,K01729.01,0,5.20429,5.20429,True,0.027958,304.266,0.0384298,4.57807,10.4048,0.911362
6786348,K01749.01,1,26.9645,26.966,True,0.000415571,8.30364,0.00593339,0.115289,0.164788,1.05045
11017901,K01800.01,1,7.7943,7.79437,True,0.00181687,46.0674,0.00641489,0.295332,0.591895,0.693973
10464050,K01851.01,1,4.46975,4.46975,True,0.000420819,22.6046,0.0178981,3.50783,2.05463,0.802856
9763348,K01852.01,1,15.7738,15.7737,True,0.000232598,23.8168,0.0126793,1.68653,3.3563,0.884502
10187159,K01870.01,1,7.96431,7.96425,True,0.000648012,21.0677,0.00627805,1.11411,1.11435,0.926475
10965740,K01887.01,0,21.7877,21.7857,True,0.000317838,16.906,0.0055082,2.36416,1.79277,0.902261
7449136,K01890.01,1,4.33644,4.33658,True,7.82792e-05,26.7234,0.0368955,1.27571,-0.427391,0.96541
7755636,K01921.01,1,16.005,16.0037,True,0.000267959,24.1613,0.0156214,0.610171,-0.332212,0.906803
10190777,K01937.01,1,1.41123,1.41123,True,0.000331575,47.6064,0.0354301,0.0879898,-0.457094,0.917721
9468717,K01954.01,0,7.37339,7.37351,True,8.73644e-05,16.2228,0.0108496,1.06714,4.97056,0.865001
7273277,K01979.01,1,2.71408,2.71418,True,0.000112398,17.4588,0.0184218,1.83795,-0.639911,0.834425
8142942,K01985.01,1,5.75625,5.75615,True,0.000407736,23.7096,0.00868636,0.959634,1.55458,0.752287
9044228,K01988.01,1,0.934885,0.934897,True,0.000210338,25.0774,0.0534818,1.80526,-2.0067,0.87557
8802693,K02000.01,1,26.4104,26.4102,True,0.00083329,14.7897,0.00454371,0.517972,0.813591,0.858018
6061773,K02001.01,1,8.27746,23.6702,False,0.00151703,111.546,0.0105618,101.476,-3.97164,1.07376
8098728,K02008.01,0,24.4851,0.75362,False,0.000140979,58.0254,0.437886,0.814605,-54.1263,0.801749
5631630,K02010.01,1,25.9619,25.9602,True,0.000256504,20.9701,0.00963013,4.42934,0.145318,0.875158
6226290,K02019.01,1,14.0883,14.0894,True,0.000692135,14.7725,0.011356,0.263459,-0.241282,0.905451
10663396,K02046.01,1,23.899,19.9993,False,0.000136668,8.7391,0.0165006,1.13325,0.44218,0.970645
9573685,K02057.01,1,5.94566,23.0461,False,0.000552652,19.4801,0.0108478,24.5278,1.68246,1.01603
10857519,K02075.01,1,2.05334,2.05328,True,6.09379e-05,19.6125,0.0389621,0.970393,-0.966829,1.00215
11348997,K02090.01,1,5.13249,27.6534,False,0.00141683,18.9137,0.00904046,22.6201,-1.0375,0.979554
10854546,K02104.01,1,2.16845,2.16848,True,0.000379035,19.6938,0.0230576,0.429643,-0.83637,0.889588
4055304,K02119.01,1,0.571038,27.9852,False,0.000708148,33.6078,0.0089333,14.4889,-0.648519,0.968054
3546060,K02126.01,1,9.69311,9.69363,True,0.00110639,10.5703,0.00825284,0.461284,-0.568131,0.969978
9364609,K02137.01,1,14.9744,14.9743,True,0.000239664,11.1672,0.00534248,0.663727,0.0904174,0.945854
12505076,K02154.01,1,11.9298,11.9275,True,0.000566413,10.5433,0.0167679,0.113645,-0.0033159,1.02614
7286911,K02180.01,1,11.5556,11.5558,True,0.000411785,10.802,0.00432683,0.559707,0.906037,1.25224
6209798,K02196.01,0,1.20541,0.602685,True,7.24862e-05,18.1381,0.082962,4.66425,-1.85475,0.88469
10531955,K02208.01,1,2.34451,2.34439,True,3.75505e-05,10.9648,0.0341241,0.314651,1.14951,0.892484
4248120,K02216.01,1,23.3404,23.342,True,0.000627111,10.6586,0.0034273,0.836056,-0.296731,1.12788
9458343,K02246.01,1,11.8952,11.8964,True,0.000159513,10.1264,0.0100871,0.65554,-0.870931,1.07922
10206675,K02283.01,0,17.4021,17.4024,True,0.000466083,9.11025,0.00459706,0.997507,-0.347322,0.875011
3749978,K02308.01,1,28.5057,28.5022,True,0.0006058,7.20924,0.0056136,1.13699,-0.622393,1.04506
9003401,K02319.01,1,21.1033,21.1044,True,0.000160781,9.65134,0.00379068,0.507547,1.00521,0.908323
12401863,K02331.01,1,2.83265,2.83297,True,0.000102142,12.2411,0.0282389,1.44771,1.06462,0.962484
5534941,K02332.01,1,3.70063,3.70025,True,4.47728e-05,10.4824,0.0540503,0.346331,-0.0835974,0.798202
1872821,K02351.01,1,10.2738,10.2717,True,0.000308506,9.15457,0.0116826,0.648688,-1.10955,1.13617
11566256,K02361.01,1,5.78387,5.78365,True,0.000394787,10.7756,0.00864506,1.33114,1.10941,1.00241
9086251,K02367.01,1,6.89213,27.5853,False,0.000219476,22.4237,0.00725025,16.1067,3.23582,1.00494
12254378,K02387.01,1,2.03232,2.03232,True,0.000234251,8.83723,0.0246024,0.795522,-1.98752,0.967195
5621586,K02415.01,1,5.2542,15.7631,False,0.000545023,7.05617,0.00761274,0.0899098,0.120706,0.992365
6500206,K02451.01,0,13.375,13.3759,True,0.000402315,8.6313,0.00373806,0.699124,-0.395307,1.14067
5042210,K02462.01,1,12.1468,12.1416,True,5.0852e-05,9.68567,0.0164722,0.380899,-0.462303,0.970439
7542369,K02465.01,0,5.46092,5.46008,True,9.36158e-05,6.9254,0.0146518,0.728067,0.972096,0.943618
10090257,K02476.01,0,2.28607,1.14331,True,0.000169046,16.6174,0.174931,6.51757,-9.52124,0.835658
5963582,K02479.01,1,25.5434,25.5327,True,7.50586e-05,8.40682,0.0129246,1.83224,1.58025,0.941056
9851662,K02483.01,1,15.054,15.0531,True,0.000137311,5.85005,0.010629,0.936348,-0.991712,1.29412
9229657,K02491.01,1,2.66831,2.66862,True,0.000216094,9.6175,0.0299781,1.16434,-0.0373736,0.881028
8379705,K02507.01,1,11.1297,11.1319,True,0.000277633,6.1652,0.0107799,0.353932,-0.375164,0.871273
8004903,K02594.01,1,11.254,11.2563,True,0.000403104,8.16509,0.0106607,0.484743,1.85068,1.12558
6124512,K02627.01,1,8.38396,8.38595,True,0.00012339,6.7809,0.0143096,0.224869,0.526758,1.06981
4914566,K02635.01,1,22.242,18.2491,False,0.000108274,6.67289,0.00273986,1.36043,-0.0470336,1.35229
11962284,K02647.01,1,8.83929,0.651099,False,5.7136e-05,5.17473,0.0767932,1.08314,0.12652,1.22047
4346178,K02652.01,1,16.129,22.6772,False,0.00048363,16.8649,0.0145521,19.0288,-1.2155,1.18931
5369827,K02690.01,1,3.60694,24.4547,False,0.000498993,38.4624,0.0134944,14.3795,6.96935,0.91507
6690836,K02699.01,1,0.568875,0.568874,True,0.00028482,23.3974,0.0878929,1.80417,-0.686645,0.848059
8415200,K02730.01,1,4.52159,4.5212,True,8.56841e-05,10.8332,0.0265416,1.53778,0.171793,1.12004
8095441,K02743.01,1,11.8746,11.8742,True,0.000172949,10.5758,0.00673729,0.982566,1.97887,0.925627
10905911,K02754.01,1,1.34156,1.34147,True,4.14185e-05,10.3499,0.059636,0.848523,-1.46485,0.875672
9898447,K02803.01,1,2.37752,20.1248,False,0.000102514,15.7515,0.009938,2.99141,-2.24857,0.856002
4952341,K02818.01,0,1.79684,0.6919,False,0.000262639,24.4005,0.231247,1.1454,23.6101,0.761301
11963206,K02820.01,1,3.00912,3.00916,True,0.000143042,6.57618,0.0265855,0.0682082,-1.77463,1.11912
8263545,K02822.01,1,4.4459,4.4441,True,0.000603809,6.00025,0.0112509,0.709187,-0.699611,0.955936
10591855,K02845.01,1,1.57409,14.0573,False,0.000250029,7.0934,0.0142275,0.377029,-3.34206,1.09152
7749773,K02848.01,1,13.7873,13.7888,True,5.41889e-05,9.15656,0.0145046,0.569796,0.302799,0.946323
6294819,K02852.01,1,0.67565,0.675551,True,0.000181587,6.27487,0.0740137,0.821544,0.948648,0.941023
8884274,K02868.01,1,10.6528,5.78283,False,0.00035269,7.35436,0.0570655,1.97901,-1.75828,0.795441
5106313,K02878.01,1,3.89524,3.89549,True,0.000163705,8.00815,0.0128354,2.46786,0.447146,0.941286
6781548,K02944.01,0,9.12209,3.01938,False,0.000361092,5.56408,0.0165597,0.468683,-0.260836,1.15639
4991208,K02951.01,1,2.44359,2.44354,True,5.17981e-05,7.75014,0.0327394,0.436669,0.523471,1.16814
4571536,K02954.01,0,0.676716,2.95224,False,0.00027227,4.7387,0.027098,1.36487,-1.82318,1.20777
10876237,K02960.01,0,1.46594,2.93191,True,6.87991e-05,8.62282,0.0170537,0.734018,2.71754,1.14192
5450893,K02970.01,1,4.82051,3.10063,False,1.40509e-05,5.86143,0.10643,0.785365,-2.23641,0.938252
9468551,K02980.01,1,1.63865,1.44824,False,0.0001858,5.09493,0.0345246,0.525609,-0.00106111,0.993726
4568298,K02986.01,0,0.562555,0.56249,True,9.97932e-05,7.33449,0.142225,0.23393,1.77237,0.859515
5865654,K03071.01,1,23.9554,28.271,False,0.000179665,7.91753,0.00884299,3.33581,-1.08462,1.18352
8430964,K03078.01,1,2.98618,2.98638,True,0.000114044,6.20041,0.0401824,1.59222,-1.73669,1.08727
9650989,K03095.01,1,3.42391,19.1428,False,0.000179906,7.49864,0.0130597,3.93289,-0.314531,1.04424
12416661,K03122.01,1,8.05338,24.8901,False,0.000140985,15.7389,0.00803533,11.8018,-0.633745,1.0559
6928906,K03242.01,0,1.54945,1.5495,True,1.95289e-05,12.1216,0.161342,1.59263,-2.42132,0.862083
11093538,K03326.01,0,14.7782,14.7793,True,0.0080764,100.838,0.010826,3.01818,-0.486045,0.825241
11241912,K03346.01,1,14.4274,14.4287,True,8.81212e-05,8.88993,0.011089,0.13018,-0.954849,0.874931
8081239,K03352.01,1,10.3586,10.3587,True,0.000205332,6.80191,0.0115845,0.74978,-1.1882,0.854603
6599975,K03438.01,1,14.5566,14.5598,True,9.62222e-05,8.17002,0.0109892,1.38715,1.40133,0.919562
7122259,K03454.01,0,20.8821,20.8839,True,0.178596,1840.46,0.00957676,2.71779,0.19274,0.814469
6145201,K03475.01,0,22.7833,21.9937,False,7.25094e-05,8.9565,0.0150043,0.536849,0.866381,0.913587
9851142,K03513.01,0,8.4803,8.48072,True,0.067881,12636.5,0.0294786,9.11331,0.370471,0.864754
7374746,K03537.01,0,1.36695,1.36686,True,0.120842,861.558,0.0585285,120.759,-5.60503,0.836895
3964545,K03542.01,0,3.01248,3.01255,True,0.1565,933.054,0.0265556,6.30836,110.055,0.844594
7287391,K03546.01,0,4.2861,4.28599,True,0.122299,454.015,0.0186655,9.34924,70.3461,0.786855
7732791,K03623.01,0,1.03207,1.03205,True,0.09898,163.477,0.0484474,8.62095,-1.23993,0.857052
8177798,K03624.01,0,1.45021,1.4506,True,0.0185726,138.405,0.0827242,22.7291,-18.103,0.79837
11200767,K03667.01,0,2.48955,2.48951,True,0.00153827,205.462,0.0321349,2.38506,18.5182,0.812453
7695087,K03693.01,0,4.03276,4.03223,True,0.00107195,37.1393,0.0297602,1.20876,2.03354,0.825751
8047283,K03760.01,0,0.775445,0.775416,True,0.00131341,38.0177,0.0644815,0.749535,8.3881,0.846183
6543683,K03769.01,0,1.19552,1.1955,True,0.00608836,1090.75,0.133835,7.33623,-19.0158,0.775105
8883727,K03822.01,0,2.52907,2.52907,True,0.00114992,36.0457,0.0197701,2.316,11.1349,0.826062
8651551,K03841.01,0,1.52749,1.52725,True,0.0291484,109.907,0.104763,0.397652,21.528,0.815913
11824218,K03845.01,0,15.8413,15.8416,True,0.00202777,21.3462,0.00315625,0.952382,-1.54968,0.909233
5397166,K03856.01,0,1.81197,14.0545,False,0.00138363,90.0797,0.02348,21.6552,4.22559,0.810968
9353742,K03867.01,1,0.93875,0.938783,True,0.000217763,20.6147,0.0532605,0.481273,-1.63869,0.932494
8848288,K03886.01,0,5.56649,5.56641,True,0.00039797,38.3853,0.0592841,1.21518,3.35736,0.925853
5895158,K03935.01,1,1.09367,6.51984,False,0.000674206,34.7542,0.0506147,7.45897,4.85103,0.970954
4814502,K04004.01,1,4.94331,6.15099,False,0.000722243,60.0898,0.0536499,4.19215,-13.2887,0.935101
1718958,K04053.01,1,1.41976,28.8931,False,0.000307815,25.0514,0.0114214,16.2245,1.77294,0.931552
3542222,K04137.01,0,0.504426,0.504408,True,0.000346693,29.2041,0.099126,0.874523,7.43461,0.774775
6752002,K04184.01,1,6.08004,29.1161,False,0.000136124,9.38131,0.0113339,5.54892,-1.0494,1.02849
7257966,K04185.01,1,3.03521,3.03541,True,0.000257714,6.76751,0.0164722,1.39761,-0.852804,0.746862
10407482,K04255.01,1,6.30558,23.1557,False,0.000338323,10.1775,0.0107965,6.40046,1.47807,0.984134
9027841,K04266.01,0,0.504,0.50401,True,0.000367668,32.5138,0.0992044,1.99619,18.8106,0.540587
7681230,K04294.01,0,0.962591,0.962617,True,0.00053775,37.2943,0.0519417,0.763903,27.6507,0.722817
7596240,K04295.01,1,13.3998,4.86983,False,0.000105312,5.68156,0.0164277,1.55878,-1.52865,0.902044
8128067,K04314.01,0,12.4286,3.22139,False,0.00204377,32.5447,0.10244,0.654347,1.44806,0.963892
9240664,K04338.01,0,10.7844,10.7837,True,0.000135114,6.15903,0.00463661,1.63662,0.594193,0.848095
7427764,K04364.01,1,4.56384,27.9665,False,0.000503603,11.0685,0.00715141,1.48791,2.03862,1.05084
11718389,K04444.01,1,5.94373,9.85156,False,0.000377981,5.99436,0.00507534,0.442933,-0.8266,0.95456
8636600,K04478.01,1,6.38671,23.6928,False,0.000923718,39.2895,0.0105517,36.1819,0.861148,0.882194
11671579,K04510.01,1,5.17625,26.147,False,0.00022773,6.07549,0.00305963,1.13172,-0.971224,1.0896
11243547,K04517.01,0,2.16133,25.8081,False,0.000173225,7.46474,0.0096869,1.56357,-1.77703,1.05453
4544684,K04847.01,0,2.18908,0.632168,False,3.68542e-05,4.55085,0.126549,0.920695,-0.798398,1.04858
3240049,K04968.01,0,2.94541,2.94554,True,0.000813333,31.3249,0.0271597,4.5619,0.822774,0.877316
3973549,K05032.01,0,1.38995,0.694969,True,0.000701729,77.4981,0.0719456,17.3187,-0.487466,0.780184
7837526,K05436.01,0,28.2972,28.2992,True,0.0175218,1336.51,0.0042404,21.6617,-0.920406,0.838684
8560475,K05543.01,0,7.41505,7.41531,True,0.000757385,13.1284,0.00674281,1.16312,-1.19368,0.957613
9474485,K05683.01,0,0.512582,0.51258,True,0.318361,1161.27,0.0975458,61.4799,-13.3715,0.863628
9847239,K05722.01,0,28.5079,28.5092,True,0.0190744,367.89,0.00280611,0.728514,-0.438091,0.842032
10227881,K05780.01,0,5.14108,5.13483,True,0.000237364,6.66741,0.064267,1.73378,0.0496227,1.63188
12645761,K05976.01,0,2.70957,2.70959,True,0.0096025,525.314,0.0590495,0.204956,-0.461482,0.795484
3530668,K05986.01,0,1.9462,1.94621,True,0.111648,777.07,0.0616583,10.314,70.1567,0.870528
4912991,K05997.01,0,4.44252,4.44251,True,0.0177378,812.936,0.0180078,0.295575,-0.506424,0.772283
6209347,K06025.01,0,2.13658,2.13655,True,0.0507601,187.097,0.0374435,0.927544,18.5573,0.753873
8230809,K06055.01,0,4.07836,4.07832,True,0.0303352,520.956,0.0490398,3.22566,25.6368,0.922495
9649222,K06071.01,0,5.91862,5.91872,True,0.0825115,1858.77,0.0202747,11.0491,49.5377,0.896399
9664215,K06072.01,0,3.31952,3.3195,True,0.0320028,498.972,0.0241,1.74533,78.3339,0.859506
4740676,K06119.01,0,3.45424,3.45431,True,0.0796223,4768.33,0.0347392,2.50193,320.934,0.915451
5641294,K06133.01,0,2.61609,0.933675,False,1.62428e-05,7.96053,0.353442,0.429153,-8.92272,0.970901
8957954,K06189.01,0,2.17992,2.17995,True,0.196031,7736.72,0.0550471,134.14,1.0508,0.826995
9774400,K06212.01,0,10.8182,10.8138,True,0.0042795,450.353,0.0305167,18.7111,181.538,1.01493
10385682,K06223.01,0,3.10373,3.10378,True,0.286952,10737.9,0.05155,191.168,3.11927,0.824338
11099351,K06234.01,0,2.37796,2.37796,True,0.00310076,490.859,0.0336423,2.33962,89.1089,0.764253
11516930,K06240.01,0,4.76854,22.61,False,0.00170528,45.9223,0.011057,41.2537,-2.85456,1.00399
2998124,K06302.01,0,28.5979,28.5975,True,0.0744076,3838.34,0.00874202,47.436,0.522852,0.863314
3766353,K06359.01,0,2.66696,2.667,True,0.00597178,144.965,0.0299963,0.957675,-11.9292,0.784813
3851193,K06367.01,0,1.34108,1.34109,True,0.0921294,508.73,0.0894797,0.298321,54.5351,0.852706
4245897,K06395.01,0,11.2571,11.2587,True,0.293604,2232.56,0.0293108,10.1838,104.396,1.0627
4372961,K06410.01,0,2.53471,1.26737,True,0.000102438,29.1328,0.260383,7.27792,-8.48843,0.769888
4565985,K06424.01,0,17.5119,26.0897,False,0.00164521,169.397,0.00958231,43.639,1.40116,0.941476
5172274,K06533.01,0,6.12651,25.6261,False,0.000182649,21.8409,0.00975568,17.5631,-0.350971,1.16641
5285607,K06553.01,0,1.9497,1.9497,True,0.029066,1395.5,0.061548,37.2191,-29.5329,0.81698
5288543,K06555.01,0,3.45708,1.72854,True,0.21077,11909.7,0.0694226,2944.62,-22.7175,0.880427
5343976,K06565.01,0,4.33139,4.33138,True,0.151155,1845.19,0.0277048,7.82232,94.7394,0.787139
5479973,K06589.01,0,1.79527,1.79532,True,0.0991932,237.847,0.0891206,0.623347,45.3274,0.841348
5781192,K06626.01,0,9.45999,9.45996,True,0.19063,14351.5,0.012685,15.4454,-9.94698,0.850492
5952309,K06636.01,0,0.905678,28.3802,False,0.000363121,10.0776,0.00563774,5.31721,-0.241896,0.87343
6103049,K06662.01,0,0.643171,0.643162,True,0.0306141,194.837,0.0777409,0.00435245,123.832,0.859293
6545018,K06729.01,0,1.99573,1.99571,True,0.201174,15108.4,0.080172,1514.1,-24.2308,0.837629
7009828,K06802.01,0,5.32122,5.32132,True,0.0681014,2895.79,0.0375847,437.191,1.00049,0.840574
7031732,K06805.01,0,0.566799,27.0701,False,0.000135233,9.0543,0.00738821,6.5814,-2.45999,0.856278
7097571,K06818.01,0,2.21396,2.21395,True,0.097387,354.413,0.0722689,0.166399,112.886,0.864217
7212722,K06848.01,0,2.31617,2.31618,True,0.177302,2211.46,0.0518094,3.2066,783.287,0.769943
7336754,K06861.01,0,12.1552,12.1551,True,0.0634236,2715.56,0.016454,21.2301,555.705,0.798216
7385478,K06875.01,0,1.65547,1.65551,True,0.135617,274.524,0.0724853,0.0130454,48.4059,0.829959
7985167,K06947.01,0,0.692239,0.692233,True,0.0457703,1226.07,0.115568,421.577,-17.156,0.797654
8097825,K06963.01,0,1.46843,1.46845,True,0.116321,1126.18,0.108958,270.509,-33.0326,0.846076
8414159,K07035.01,0,11.9311,11.9313,True,0.217797,9646.01,0.0134101,41.6598,1487.76,0.789855
9179531,K07142.01,0,3.25539,3.25534,True,0.120625,5570.91,0.0491501,127.066,-3.94138,0.803103
9597095,K07200.01,0,2.74564,2.74565,True,0.0354498,726.594,0.0291369,1.47405,132.451,0.829471
10026457,K07275.01,0,9.93442,9.9343,True,0.0421028,1376.73,0.0201323,3.6622,-2.74584,0.803022
10346522,K07316.01,0,3.98914,3.9891,True,0.384404,866.023,0.0827254,0.746341,179.957,0.805373
10422852,K07326.01,0,1.39889,1.39896,True,0.0470437,86.9918,0.0857782,0.028444,27.1557,0.780142
11073223,K07406.01,0,11.5789,11.579,True,0.233363,4355.81,0.0103635,20.4812,6.79916,0.822366
11232745,K07421.01,0,4.81712,4.81717,True,0.0210638,411.112,0.0166073,84.6006,-0.938049,0.798134
11619964,K07466.01,0,10.3686,10.3684,True,0.115813,5085.81,0.0115736,9.67935,-2.429,0.81538
11922782,K07495.01,0,1.75647,1.7565,True,0.139081,3398.81,0.0683177,1053.77,-10.0391,0.834098
12022517,K07507.01,0,3.44271,3.44278,True,0.0455622,720.958,0.023237,1.65186,272.66,0.832123
12302391,K07519.01,0,25.3217,25.3212,True,0.090888,1571.32,0.0047391,29.981,-0.577757,0.796908
12353720,K07524.01,0,1.95329,0.976651,True,0.00080068,161.576,0.0511954,50.9394,-2.89793,0.802415
12557713,K07541.01,0,7.21472,7.21485,True,0.0393112,620.744,0.00693015,2.41184,-3.63642,0.892048
4136659,K07683.01,0,0.913245,25.7624,False,8.09022e-05,6.75892,0.00970405,0.991256,-0.0835805,1.31787
10383729,K08004.01,0,0.734549,0.841933,False,1.99079e-05,5.28909,0.142529,1.45692,-2.94939,1.32606
8129641,K08153.01,0,0.808106,0.537468,False,0.0116038,21.0962,0.223269,0.252577,20.4754,0.774018
